# 常用函数

数据准备

```sql
0: jdbc:hive2://node01:10000> select * from emp;
+------------+------------+------------+----------+---------------+----------+-----------+-------------+-----------+--+
| emp.empno  | emp.ename  |  emp.job   | emp.mgr  | emp.hiredate  | emp.sal  | emp.comm  | emp.deptno  | emp.pt_d  |
+------------+------------+------------+----------+---------------+----------+-----------+-------------+-----------+--+
| 7369       | SMITH      | CLERK      | 7902     | 1980-12-17    | 800.0    | NULL      | 20          | 20210127  |
| 7499       | ALLEN      | SALESMAN   | 7698     | 1981-2-20     | 1600.0   | 300.0     | 30          | 20210127  |
| 7521       | WARD       | SALESMAN   | 7698     | 1981-2-22     | 1250.0   | 500.0     | 30          | 20210127  |
| 7566       | JONES      | MANAGER    | 7839     | 1981-4-2      | 2975.0   | NULL      | 20          | 20210127  |
| 7654       | MARTIN     | SALESMAN   | 7698     | 1981-9-28     | 1250.0   | 1400.0    | 30          | 20210127  |
| 7698       | BLAKE      | MANAGER    | 7839     | 1981-5-1      | 2850.0   | NULL      | 30          | 20210127  |
| 7782       | CLARK      | MANAGER    | 7839     | 1981-6-9      | 2450.0   | NULL      | 10          | 20210127  |
| 7788       | SCOTT      | ANALYST    | 7566     | 1987-4-19     | 3000.0   | NULL      | 20          | 20210127  |
| 7839       | KING       | PRESIDENT  | NULL     | 1981-11-17    | 5000.0   | NULL      | 10          | 20210127  |
| 7844       | TURNER     | SALESMAN   | 7698     | 1981-9-8      | 1500.0   | 0.0       | 30          | 20210127  |
| 7876       | ADAMS      | CLERK      | 7788     | 1987-5-23     | 1100.0   | NULL      | 20          | 20210127  |
| 7900       | JAMES      | CLERK      | 7698     | 1981-12-3     | 950.0    | NULL      | 30          | 20210127  |
| 7902       | FORD       | ANALYST    | 7566     | 1981-12-3     | 3000.0   | NULL      | 20          | 20210127  |
| 7934       | MILLER     | CLERK      | 7782     | 1982-1-23     | 1300.0   | NULL      | 10          | 20210127  |
+------------+------------+------------+----------+---------------+----------+-----------+-------------+-----------+--+
```

## RLIKE

RLIKE子句是Hive中这个功能的一个扩展，其可以通过Java的正则表达式这个更强大的语言来指定匹配条件

```sql
# 找出以S开头,以H结尾的员工名称
0: jdbc:hive2://node01:10000> select * from emp where ename Rlike '^S.*H$';
+------------+------------+----------+----------+---------------+----------+-----------+-------------+-----------+--+
| emp.empno  | emp.ename  | emp.job  | emp.mgr  | emp.hiredate  | emp.sal  | emp.comm  | emp.deptno  | emp.pt_d  |
+------------+------------+----------+----------+---------------+----------+-----------+-------------+-----------+--+
| 7369       | SMITH      | CLERK    | 7902     | 1980-12-17    | 800.0    | NULL      | 20          | 20210127  |
+------------+------------+----------+----------+---------------+----------+-----------+-------------+-----------+--+
```

## NVL

NVL：给值为NULL的数据赋值，它的格式是NVL( string1, replace_with)。它的功能是如果string1为NULL，则NVL函数返回replace_with的值，否则返回string1的值，如果两个参数都为NULL ，则返回NULL

```sql
0: jdbc:hive2://node01:10000> select nvl(comm, 0) as comm from emp;
+---------+--+
|  comm   |
+---------+--+
| 0.0     |
| 300.0   |
| 500.0   |
| 0.0     |
| 1400.0  |
| 0.0     |
| 0.0     |
| 0.0     |
| 0.0     |
| 0.0     |
| 0.0     |
| 0.0     |
| 0.0     |
| 0.0     |
+---------+--+
14 rows selected (0.351 seconds)
```

## 时间函数

1. date_formate:格式化时间, 只支持yyyy-MM-dd -> yyyyMMdd

   ```sql
   0: jdbc:hive2://node01:10000> select date_format(hiredate, 'YYYYMMdd') as hiredate from emp limit 1;
   +-----------+--+
   | hiredate  |
   +-----------+--+
   | 19801217  |
   +-----------+--+
   ```

2. date_add:时间跟天数相加, 天数可以传负值

   ```sql
   0: jdbc:hive2://node01:10000> select hiredate, date_add(hiredate,3) as hirdate3 from emp limit 1;
   +-------------+-------------+--+
   |  hiredate   |  hirdate3   |
   +-------------+-------------+--+
   | 1980-12-17  | 1980-12-20  |
   +-------------+-------------+--+
   
   0: jdbc:hive2://node01:10000> select hiredate, date_add(hiredate,-3) as hirdate3 from emp limit 1;
   +-------------+-------------+--+
   |  hiredate   |  hirdate3   |
   +-------------+-------------+--+
   | 1980-12-17  | 1980-12-14  |
   +-------------+-------------+--+
   ```

3. date_sub:时间跟天数相减, 天数可以传负值

   ```sql
   0: jdbc:hive2://node01:10000> select hiredate, date_sub(hiredate,3) as hirdate3 from emp limit 1;
   +-------------+-------------+--+
   |  hiredate   |  hirdate3   |
   +-------------+-------------+--+
   | 1980-12-17  | 1980-12-14  |
   +-------------+-------------+--+
   1 row selected (0.302 seconds)
   0: jdbc:hive2://node01:10000> select hiredate, date_sub(hiredate,-3) as hirdate3 from emp limit 1;
   +-------------+-------------+--+
   |  hiredate   |  hirdate3   |
   +-------------+-------------+--+
   | 1980-12-17  | 1980-12-20  |
   +-------------+-------------+--+
   ```

4. datediff: date1与date2相差的天数

   ```sql
   0: jdbc:hive2://node01:10000> select datediff('2021-01-31', '2021-01-01') as c1;
   +-----+--+
   | c1  |
   +-----+--+
   | 30  |
   +-----+--+
   1 row selected (0.343 seconds)
   ```

5. unix_timestamp：格式化日期转时间戳

   ```sql
   0: jdbc:hive2://node01:10000> select unix_timestamp('20210101','yyyyMMdd') as c1;
   +-------------+--+
   |     c1      |
   +-------------+--+
   | 1609430400  |
   +-------------+--+
   1 row selected (0.636 seconds)
   ```

6. from_unixtime：时间戳转格式化日期

   ```sql
   0: jdbc:hive2://node01:10000> select from_unixtime(1609430400,'yyyyMMdd') as c1;
   +-----------+--+
   |    c1     |
   +-----------+--+
   | 20210101  |
   +-----------+--+
   1 row selected (0.24 seconds)
   0: jdbc:hive2://node01:10000> select from_unixtime(1609430400,'yyyy-MM-dd') as c1;
   +-------------+--+
   |     c1      |
   +-------------+--+
   | 2021-01-01  |
   +-------------+--+
   1 row selected (0.593 seconds)
   ```

7. next_day函数

   取当前天的下一周的周一

   ```sql
   0: jdbc:hive2://node01:10000> select next_day('2021-02-23','MO') as c1;
   +-------------+--+
   |     c1     |
   +-------------+--+
   | 2021-03-01  |
   +-------------+--+
   1 row selected (0.962 seconds)
   ------------------------------------------------------------------------------------
   星期一到星期日的英文（Monday，Tuesday、Wednesday、Thursday、Friday、Saturday、Sunday）
   ```

   取当前周的周一

   ```sql
   0: jdbc:hive2://node01:10000> select date_add(next_day('2021-02-23','MO'),-7) as c1;
   +-------------+--+
   |     c1      |
   +-------------+--+
   | 2021-02-22  |
   +-------------+--+
   1 row selected (0.343 seconds)
   ```

8. last_day函数（求当月最后一天日期）

   ```sql
   0: jdbc:hive2://node01:10000> select last_day('2021-02-23') as c1;
   +-------------+--+
   |     c1      |
   +-------------+--+
   | 2021-02-28  |
   +-------------+--+
   1 row selected (0.81 seconds)
   ```

## regexp_replace

正则替换

```sql
# 把日期中的 - 替换成 /
0: jdbc:hive2://node01:10000> select regexp_replace(hiredate, '-', '/') as c1 from emp limit 1;
+-------------+--+
|     c1      |
+-------------+--+
| 1980/12/17  |
+-------------+--+
```

## case when

```sql
# 给工作编号，PRESIDENT 赋值1， MANAGER 赋值2， ANALYST 赋值3，CLERK 赋值4， 其他为5
select 
    job,
    case when job = 'PRESIDENT' then 1
         when job = 'MANAGER' then 2
         when job = 'ANALYST' then 3
         when job = 'CLERK' then 4
         else 5 end as jobno
from emp;
+------------+--------+--+
|    job     | jobno  |
+------------+--------+--+
| CLERK      | 4      |
| SALESMAN   | 5      |
| SALESMAN   | 5      |
| MANAGER    | 2      |
| SALESMAN   | 5      |
| MANAGER    | 2      |
| MANAGER    | 2      |
| ANALYST    | 3      |
| PRESIDENT  | 1      |
| SALESMAN   | 5      |
| CLERK      | 4      |
| CLERK      | 4      |
| ANALYST    | 3      |
| CLERK      | 4      |
+------------+--------+--+
```

## if

```sql
0: jdbc:hive2://node01:10000> select if(job='PRESIDENT',1,'other') as jobno from emp;
+--------+--+
| jobno  |
+--------+--+
| other  |
| other  |
| other  |
| other  |
| other  |
| other  |
| other  |
| other  |
| 1      |
| other  |
| other  |
| other  |
| other  |
| other  |
+--------+--+
14 rows selected (0.279 seconds)
```

## concat

字符串拼接

```sql
0: jdbc:hive2://node01:10000> select concat(ename, '#', job) as c1 from emp limit 1;
+--------------+--+
|      c1      |
+--------------+--+
| SMITH#CLERK  |
+--------------+--+
```

## concat_ws

拼接多个字符串

```sql
0: jdbc:hive2://node01:10000> select concat_ws('#', ename,job,hiredate) as c1 from emp limit 1;
+-------------------------+--+
|           c1            |
+-------------------------+--+
| SMITH#CLERK#1980-12-17  |
+-------------------------+--+
```

## 行转列

COLLECT_SET， 函数只接受基本数据类型，它的主要作用是将某字段的值进行去重汇总，即把列字段的值转成set集合， 注意这是个聚合函数。

```sql
select COLLECT_SET(job) as c1 from emp;
+-------------------------------------------------------+--+
|                          c1                           |
+-------------------------------------------------------+--+
| ["CLERK","SALESMAN","MANAGER","ANALYST","PRESIDENT"]  |
+-------------------------------------------------------+--+

select concat_ws('#', COLLECT_SET(job)) as c1 from emp;
+-------------------------------------------+--+
|                    c1                     |
+-------------------------------------------+--+
| CLERK#SALESMAN#MANAGER#ANALYST#PRESIDENT  |
+-------------------------------------------+--+
```

## 列转行 

EXPLODE(col)：将hive一列中复杂的array或者map结构拆分(炸裂开)成多行。

```sql
select explode(COLLECT_SET(job)) as c1 from emp;
+------------+--+
|     c1     |
+------------+--+
| CLERK      |
| SALESMAN   |
| MANAGER    |
| ANALYST    |
| PRESIDENT  |
+------------+--+
```

LATERAL VIEW （侧写）
用法：LATERAL VIEW udtf(expression) tableAlias AS columnAlias
解释：用于和split, explode等UDTF一起使用，它能够将一列数据拆成多行数据，在此基础上可以对拆分后的数据进行聚合

参考 03Hive数据类型，准备表test_collection的数据

```sql
0: jdbc:hive2://node01:10000> select * from test_collection;
+-----------------------+--------------------------+--------------------------------------+----------------------------------------------+--+
| test_collection.name  | test_collection.friends  |       test_collection.children       |           test_collection.address            |
+-----------------------+--------------------------+--------------------------------------+----------------------------------------------+--+
| songsong              | ["bingbing","lili"]      | {"xiao song":18,"xiaoxiao song":19}  | {"street":"hui long guan","city":"beijing"}  |
| yangyang              | ["caicai","susu"]        | {"xiao yang":18,"xiaoxiao yang":19}  | {"street":"chao yang","city":"beijing"}      |
+-----------------------+--------------------------+--------------------------------------+----------------------------------------------+--+
```

```sql
0: jdbc:hive2://node01:10000> select name, friends_name from test_collection lateral view explode(friends) friends as friends_name;
+-----------+---------------+--+
|   name    | friends_name  |
+-----------+---------------+--+
| songsong  | bingbing      |
| songsong  | lili          |
| yangyang  | caicai        |
| yangyang  | susu          |
+-----------+---------------+--+
```



